From\To,mm,cm,in,ft,m,km
mm,1,0.1,0.03937,0.003281,0.001,0.000001
cm,10,1,0.393701,0.032808,0.01,0.00001
in,25.4,2.54,1,0.083333,0.0254,0.0000254
ft,304.8,30.48,12,1,0.3048,0.0003048
m,1000,100,39.370079,3.28084,1,0.001
km,1000000,100000,39370.079,3280.84,1000,1